book title,price,insert date
World War Z: An Oral History of the Zombie War,9.88,2025-05-09
World War Z: An Oral History of the Zombie War,9.88,2025-05-09
World War Z: An Oral History of the Zombie War,9.88,2025-05-09
World War Z: An Oral History of the Zombie War,9.88,2025-05-09
World War Z: An Oral History of the Zombie War,9.88,2025-05-09
World War Z: An Oral History of the Zombie War,9.88,2025-05-09
World War Z: An Oral History of the Zombie War,9.88,2025-05-09
World War Z: An Oral History of the Zombie War,9.88,2025-05-09
World War Z: An Oral History of the Zombie War,9.88,2025-05-09
World War Z: An Oral History of the Zombie War,9.88,2025-05-09
World War Z: An Oral History of the Zombie War,9.88,2025-05-09
World War Z: An Oral History of the Zombie War,9.88,2025-05-09
World War Z: An Oral History of the Zombie War,9.88,2025-05-09
World War Z: An Oral History of the Zombie War,9.88,2025-05-09
World War Z: An Oral History of the Zombie War,9.88,2025-05-09
World War Z: An Oral History of the Zombie War,9.88,2025-05-09
World War Z: An Oral History of the Zombie War,9.88,2025-05-09
World War Z: An Oral History of the Zombie War,9.88,2025-05-09
World War Z: An Oral History of the Zombie War,9.88,2025-05-09
World War Z: An Oral History of the Zombie War,9.88,2025-05-09
World War Z: An Oral History of the Zombie War,9.88,2025-05-09
World War Z: An Oral History of the Zombie War,9.88,2025-05-09
World War Z: An Oral History of the Zombie War,9.88,2025-05-09
World War Z: An Oral History of the Zombie War,9.88,2025-05-09
World War Z: An Oral History of the Zombie War,9.88,2025-05-09
World War Z: An Oral History of the Zombie War,9.88,2025-05-09
